{"cameraMode":{"drawMode":0,"name":"Shaded","section":"Shading Mode"},"sceneLighting":true,"audioPlay":false,"sceneViewState":{"showFog":true,"showMaterialUpdate":false,"showSkybox":true,"showFlares":true,"showImageEffects":true,"showParticleSystems":true},"in2DMode":false,"pivot":{"x":-1.464942455291748,"y":1.8083693981170655,"z":-26.274616241455079},"rotation":{"x":0.057381521910429,"y":0.6015523076057434,"z":-0.04338715597987175,"w":0.7955915927886963},"size":2.3253347873687746,"orthographic":true}